Microsoft Windows [Versión 10.0.19044.1766]
(c) Microsoft Corporation. Todos los derechos reservados.

C:\spark3\bin>beeline
Beeline version 2.3.7 by Apache Hive

beeline> !connect jdbc:hive2://localhost:10000
Connecting to jdbc:hive2://localhost:10000
Enter username for jdbc:hive2://localhost:10000: unai.iparraguirre
Enter password for jdbc:hive2://localhost:10000:
Connected to: Spark SQL (version 3.0.3)
Driver: Hive JDBC (version 2.3.7)
Transaction isolation: TRANSACTION_REPEATABLE_READ
0: jdbc:hive2://localhost:10000> SHOW tables;
+-----------+------------+--------------+
| database  | tableName  | isTemporary  |
+-----------+------------+--------------+
| default   | people     | false        |
+-----------+------------+--------------+
1 row selected (0,998 seconds)
0: jdbc:hive2://localhost:10000> SELECT * FROM people;
+--------+------+
|  name  | age  |
+--------+------+
| Jesus  | 12   |
+--------+------+
1 row selected (2,302 seconds)

0: jdbc:hive2://localhost:10000> INSERT INTO people VALUES ("Samantha", 12);
+---------+
| Result  |
+---------+
+---------+
No rows selected (1,625 seconds)

0: jdbc:hive2://localhost:10000> SELECT * FROM people;
+-----------+------+
|   name    | age  |
+-----------+------+
| Samantha  | 12   |
| Jesus     | 12   |
+-----------+------+
2 rows selected (0,366 seconds)
0: jdbc:hive2://localhost:10000> INSERT INTO people VALUES ("Andy", 30);
+---------+
| Result  |
+---------+
+---------+
No rows selected (0,608 seconds)
0: jdbc:hive2://localhost:10000> INSERT INTO people VALUES ("Michael", NULL);
+---------+
| Result  |
+---------+
+---------+
No rows selected (0,648 seconds)
0: jdbc:hive2://localhost:10000> SELECT * FROM people;
+-----------+-------+
|   name    |  age  |
+-----------+-------+
| Samantha  | 12    |
| Michael   | NULL  |
| Jesus     | 12    |
| Andy      | 30    |
+-----------+-------+
4 rows selected (0,407 seconds)
0: jdbc:hive2://localhost:10000>